model,test_name,t_s_mean,t_s_std,t_s_req_mean,t_s_req_std,peak_ts_mean,peak_ts_std,peak_ts_req_mean,peak_ts_req_std,ttfr_mean,ttfr_std,est_ppt_mean,est_ppt_std,e2e_ttft_mean,e2e_ttft_std
Mia-AiLab/GLM-5.3-Flash-EXL3-TR3-4bpw,pp2048 (c1),959.0465504569561,282.1899609146096,959.0465504569561,282.1899609146096,,,,,2398.766533001132,889.5346487979925,2397.1238840022124,889.5346487979926,2398.766533001132,889.5346487979925
Mia-AiLab/GLM-5.3-Flash-EXL3-TR3-4bpw,tg128 (c1),44.685893599670656,6.562254798931854,44.685893599670656,6.562254798931854,45.0,6.48074069840786,45.0,6.48074069840786,,,,,,
Mia-AiLab/GLM-5.3-Flash-EXL3-TR3-4bpw,pp2048 (c2),669.2579579405169,14.516998438415945,578.7705315205807,297.4781395327823,,,,,4401.62566833169,1783.956828350052,4399.98301933277,1783.956828350052,4401.62566833169,1783.956828350052
Mia-AiLab/GLM-5.3-Flash-EXL3-TR3-4bpw,tg128 (c2),43.1541013889987,4.207084825580509,50.896683809796066,4.655627600589769,55.333333333333336,2.0548046676563256,51.5,4.573474244670748,,,,,,
Mia-AiLab/GLM-5.3-Flash-EXL3-TR3-4bpw,pp2048 (c5),546.3847575167047,4.056265885509103,328.6906308719566,357.8166549799932,,,,,11709.270427932886,5913.23936272074,11707.627778933966,5913.239362720739,11709.270427932886,5913.23936272074
Mia-AiLab/GLM-5.3-Flash-EXL3-TR3-4bpw,tg128 (c5),33.1388867373118,1.4430038997138568,50.57894352553357,5.504926985683991,57.333333333333336,2.357022603955158,51.0,5.477225575051661,,,,,,
Mia-AiLab/GLM-5.3-Flash-EXL3-TR3-4bpw,pp2048 (c10),489.66900357410844,12.730723052989658,176.2134313749811,237.2285977057643,,,,,23361.952879697492,12521.512379238406,23360.310230698582,12521.512379238407,23361.952879697492,12521.512379238406
Mia-AiLab/GLM-5.3-Flash-EXL3-TR3-4bpw,tg128 (c10),30.417198190047984,1.2094164512850365,46.69194635771916,6.902991517703758,58.0,5.887840577551898,47.233333333333334,6.941101417562554,,,,,,
Mia-AiLab/GLM-5.3-Flash-EXL3-TR3-4bpw,ctx_pp @ d4096 (c1),1151.7075956298943,7.409414931222241,1151.7075956298943,7.409414931222241,,,,,3559.1162533334377,22.859158793073668,3557.4736043345183,22.859158793073668,3559.1162533334377,22.859158793073668
Mia-AiLab/GLM-5.3-Flash-EXL3-TR3-4bpw,ctx_tg @ d4096 (c1),41.64628618509703,6.206842261287729,41.64628618509703,6.206842261287729,42.333333333333336,6.342099196813483,42.333333333333336,6.342099196813483,,,,,,
Mia-AiLab/GLM-5.3-Flash-EXL3-TR3-4bpw,pp2048 @ d4096 (c1),861.6944453584641,2.816444563124621,861.6944453584641,2.816444563124621,,,,,2378.380533666738,7.752079243990747,2376.7378846678184,7.752079243990747,2378.380533666738,7.752079243990747
Mia-AiLab/GLM-5.3-Flash-EXL3-TR3-4bpw,tg128 @ d4096 (c1),40.54934974603844,3.1757025787307223,40.54934974603844,3.1757025787307223,41.0,3.265986323710904,41.0,3.265986323710904,,,,,,
Mia-AiLab/GLM-5.3-Flash-EXL3-TR3-4bpw,ctx_pp @ d4096 (c2),870.2751531020572,7.6106374673762405,547.5741640478822,112.41054902662162,,,,,7813.040887335471,1604.2737147627674,7811.398238336551,1604.273714762768,7813.040887335471,1604.2737147627674
Mia-AiLab/GLM-5.3-Flash-EXL3-TR3-4bpw,ctx_tg @ d4096 (c2),40.83227541317995,1.5565961233143888,45.68369320031741,4.530916460572339,49.666666666666664,0.9428090415820634,46.166666666666664,4.487637339278753,,,,,,
Mia-AiLab/GLM-5.3-Flash-EXL3-TR3-4bpw,pp2048 @ d4096 (c2),575.1225168068191,7.42540052589066,392.74576760673466,105.21561387588812,,,,,5619.405120666973,1505.4389555754854,5617.762471668054,1505.4389555754854,5619.405120666973,1505.4389555754854
Mia-AiLab/GLM-5.3-Flash-EXL3-TR3-4bpw,tg128 @ d4096 (c2),43.22337072421228,0.99638817554439,45.428939975977464,2.892307287955824,48.333333333333336,0.9428090415820634,46.0,2.581988897471611,,,,,,
Mia-AiLab/GLM-5.3-Flash-EXL3-TR3-4bpw,ctx_pp @ d4096 (c5),714.0206261119177,10.965268437422436,304.4012920354875,188.00884290824885,,,,,18012.551695934962,8066.8851392335855,18010.909046936045,8066.8851392335855,18012.551695934962,8066.8851392335855
Mia-AiLab/GLM-5.3-Flash-EXL3-TR3-4bpw,ctx_tg @ d4096 (c5),25.090375421995315,0.412968624887857,43.01983946196848,6.283699608813475,52.0,2.8284271247461903,43.6,6.343500610861483,,,,,,
Mia-AiLab/GLM-5.3-Flash-EXL3-TR3-4bpw,pp2048 @ d4096 (c5),418.4576075740729,29.458619613662123,186.72933906855278,116.37652314953668,,,,,14898.315720599689,7053.953161057557,14896.67307160077,7053.953161057556,14898.315720599689,7053.953161057557
Mia-AiLab/GLM-5.3-Flash-EXL3-TR3-4bpw,tg128 @ d4096 (c5),29.16231640450185,3.255304041249447,43.70475177993048,9.12103787324949,56.333333333333336,2.8674417556808756,44.333333333333336,9.008637830191397,,,,,,
Mia-AiLab/GLM-5.3-Flash-EXL3-TR3-4bpw,ctx_pp @ d4096 (c10),682.1407452620646,6.451559281502018,192.47929345079407,172.59351092176308,,,,,34049.92756446736,17463.238646329206,34048.28491546845,17463.238646329206,34049.92756446736,17463.238646329206
Mia-AiLab/GLM-5.3-Flash-EXL3-TR3-4bpw,ctx_tg @ d4096 (c10),22.31509705618738,0.36103404255885674,42.30019681256745,4.994094488935884,50.333333333333336,2.0548046676563256,42.833333333333336,5.033774815075551,,,,,,
Mia-AiLab/GLM-5.3-Flash-EXL3-TR3-4bpw,pp2048 @ d4096 (c10),425.2268999152927,10.814132990674809,132.1314647730847,137.66977382527364,,,,,26864.918409864185,14190.34013942108,26863.275760865276,14190.34013942108,26872.659894031432,14193.294566321936
Mia-AiLab/GLM-5.3-Flash-EXL3-TR3-4bpw,tg128 @ d4096 (c10),26.90829055778263,0.9625913682562945,43.895260249854594,8.119173596380623,59.333333333333336,5.436502143433364,44.4,8.114185110040317,,,,,,
Mia-AiLab/GLM-5.3-Flash-EXL3-TR3-4bpw,ctx_pp @ d8192 (c1),1198.5235848780078,3.4598237631217064,1198.5235848780078,3.4598237631217064,,,,,6837.6100753375795,19.7079427482557,6835.96742633866,19.7079427482557,6837.6100753375795,19.7079427482557
Mia-AiLab/GLM-5.3-Flash-EXL3-TR3-4bpw,ctx_tg @ d8192 (c1),44.40104751751377,4.492530640736283,44.40104751751377,4.492530640736283,45.0,4.320493798938574,45.0,4.320493798938574,,,,,,
Mia-AiLab/GLM-5.3-Flash-EXL3-TR3-4bpw,pp2048 @ d8192 (c1),763.4110017036795,1.6549076122797344,763.4110017036795,1.6549076122797344,,,,,2684.3517140029385,5.809750785431181,2682.709065004019,5.809750785431181,2708.543938002549,36.009389480287496
Mia-AiLab/GLM-5.3-Flash-EXL3-TR3-4bpw,tg128 @ d8192 (c1),46.58849111027129,0.5458163696411087,46.58849111027129,0.5458163696411087,47.333333333333336,0.4714045207910317,47.333333333333336,0.4714045207910317,,,,,,
Mia-AiLab/GLM-5.3-Flash-EXL3-TR3-4bpw,ctx_pp @ d8192 (c2),1013.7814958140451,7.24642261342571,692.2050527614797,185.28331707506354,,,,,12751.373448001686,3413.5154380493946,12749.730799002768,3413.5154380493937,12751.373448001686,3413.5154380493946
Mia-AiLab/GLM-5.3-Flash-EXL3-TR3-4bpw,ctx_tg @ d8192 (c2),25.997704567439893,0.5703680410621856,43.52131904567397,3.06368305450163,46.0,0.816496580927726,44.0,2.943920288775949,,,,,,
Mia-AiLab/GLM-5.3-Flash-EXL3-TR3-4bpw,pp2048 @ d8192 (c2),491.60579142096867,2.2658568114178435,338.3602175678938,91.78393295312623,,,,,6535.190674165885,1772.6234661383858,6533.548025166965,1772.623466138386,6547.477921834798,1784.7842170723059
Mia-AiLab/GLM-5.3-Flash-EXL3-TR3-4bpw,tg128 @ d8192 (c2),36.16052540555921,2.6311105344509667,39.74783131410771,5.067087715254395,44.666666666666664,1.699673171197595,40.333333333333336,5.153208277913436,,,,,,
Mia-AiLab/GLM-5.3-Flash-EXL3-TR3-4bpw,ctx_pp @ d8192 (c5),900.9644863156473,15.260611248903144,399.47661097170175,252.09240460671236,,,,,27922.570683667436,12928.421247222555,27920.928034668512,12928.421247222557,27922.570683667436,12928.421247222555
Mia-AiLab/GLM-5.3-Flash-EXL3-TR3-4bpw,ctx_tg @ d8192 (c5),16.155575722679085,0.513686350454389,40.11580315453737,4.416873023731555,45.333333333333336,3.299831645537222,40.6,4.454211490264018,,,,,,
Mia-AiLab/GLM-5.3-Flash-EXL3-TR3-4bpw,pp2048 @ d8192 (c5),435.0656711868657,10.044329858940277,194.08166895520404,137.01984097152413,,,,,14929.26277887018,6882.5384031186295,14927.620129871262,6882.538403118628,14929.26277887018,6882.5384031186295
Mia-AiLab/GLM-5.3-Flash-EXL3-TR3-4bpw,tg128 @ d8192 (c5),28.63665892499104,1.1164075862029297,45.744205179752825,5.1067906350424215,52.333333333333336,1.247219128924647,46.2,5.035871324805668,,,,,,
Mia-AiLab/GLM-5.3-Flash-EXL3-TR3-4bpw,ctx_pp @ d8192 (c10),872.1770786409528,6.94996531532655,254.2569425080897,230.42175087530924,,,,,52228.54235003275,27328.14375314236,52226.89970103382,27328.14375314236,52228.54235003275,27328.14375314236
Mia-AiLab/GLM-5.3-Flash-EXL3-TR3-4bpw,ctx_tg @ d8192 (c10),14.5318928510386,0.1106276588094233,40.46836343248978,3.8347009344862046,48.0,0.816496580927726,40.96666666666667,3.8425975011124387,,,,,,
Mia-AiLab/GLM-5.3-Flash-EXL3-TR3-4bpw,pp2048 @ d8192 (c10),365.7179009948724,47.16337774739733,120.4391998432479,122.2046152290286,,,,,30272.542865231906,17529.259350952252,30270.900216232993,17529.259350952256,30278.03380123223,17528.867184357412
Mia-AiLab/GLM-5.3-Flash-EXL3-TR3-4bpw,tg128 @ d8192 (c10),23.321431443507226,2.7887473188231486,45.498906599971775,8.434524164723543,58.0,2.8284271247461903,45.9,8.387888093356198,,,,,,
Mia-AiLab/GLM-5.3-Flash-EXL3-TR3-4bpw,ctx_pp @ d16384 (c1),1226.1712149114367,3.2516059487414695,1226.1712149114367,3.2516059487414695,,,,,13364.470638334751,35.376480860899775,13362.827989335832,35.376480860899775,13364.470638334751,35.376480860899775
Mia-AiLab/GLM-5.3-Flash-EXL3-TR3-4bpw,ctx_tg @ d16384 (c1),43.49367178565756,1.8730491158838953,43.49367178565756,1.8730491158838953,44.0,1.632993161855452,44.0,1.632993161855452,,,,,,
Mia-AiLab/GLM-5.3-Flash-EXL3-TR3-4bpw,pp2048 @ d16384 (c1),908.8722896286622,15.124675793962513,908.8722896286622,15.124675793962513,,,,,2255.602197998087,37.11706685906391,2253.9595489991675,37.11706685906391,2277.2447536650966,55.95812004786463
Mia-AiLab/GLM-5.3-Flash-EXL3-TR3-4bpw,tg128 @ d16384 (c1),40.150350025393145,9.081052144826693,40.150350025393145,9.081052144826693,40.333333333333336,9.030811456096044,40.333333333333336,9.030811456096044,,,,,,
Mia-AiLab/GLM-5.3-Flash-EXL3-TR3-4bpw,ctx_pp @ d16384 (c2),1114.0926856741542,10.392613981133888,800.3997687688296,243.35102529581576,,,,,22558.448737834016,6860.8960474681235,22556.8060888351,6860.896047468123,22558.448737834016,6860.8960474681235
Mia-AiLab/GLM-5.3-Flash-EXL3-TR3-4bpw,ctx_tg @ d16384 (c2),15.101106947299213,0.25890019665946845,40.31623408806033,2.2543812846940163,42.333333333333336,1.699673171197595,41.0,2.160246899469287,,,,,,
Mia-AiLab/GLM-5.3-Flash-EXL3-TR3-4bpw,pp2048 @ d16384 (c2),596.0050875538731,31.98387835409933,419.94721010113494,122.39726812499913,,,,,5337.240868332931,1579.1737439040794,5335.598219334012,1579.1737439040792,5337.240868332931,1579.1737439040794
Mia-AiLab/GLM-5.3-Flash-EXL3-TR3-4bpw,tg128 @ d16384 (c2),43.083135444373376,1.2261842377042773,45.58372740550384,4.817362077749795,50.333333333333336,1.699673171197595,46.0,4.932882862316247,,,,,,
Mia-AiLab/GLM-5.3-Flash-EXL3-TR3-4bpw,ctx_pp @ d16384 (c5),1055.4627188372235,12.466145200873157,477.93452242614353,302.57167747259007,,,,,46854.41012586816,21976.801372761558,46852.76747686925,21976.801372761554,46854.41012586816,21976.801372761558
Mia-AiLab/GLM-5.3-Flash-EXL3-TR3-4bpw,ctx_tg @ d16384 (c5),9.753967400984257,0.16972588680849401,41.212197009260954,4.165831113334861,44.666666666666664,4.109609335312651,41.8,3.9698866482558413,,,,,,
Mia-AiLab/GLM-5.3-Flash-EXL3-TR3-4bpw,pp2048 @ d16384 (c5),475.28674965334613,25.92449173122763,227.41215659139385,176.2969859375569,,,,,13471.680400469148,6471.238379982308,13470.037751470232,6471.238379982308,13481.3277412691,6469.335436220613
Mia-AiLab/GLM-5.3-Flash-EXL3-TR3-4bpw,tg128 @ d16384 (c5),28.071814681458633,1.1674403042974377,42.54398784018017,7.769228008654967,60.333333333333336,4.714045207910317,43.93312642938986,7.92841171906691,,,,,,
Mia-AiLab/GLM-5.3-Flash-EXL3-TR3-4bpw,ctx_pp @ d16384 (c10),1042.2278888526441,5.230794871468621,305.55885765885625,275.4938441537098,,,,,86920.99414963352,45632.35214099815,86919.35150063463,45632.35214099815,86920.99414963352,45632.35214099815
Mia-AiLab/GLM-5.3-Flash-EXL3-TR3-4bpw,ctx_tg @ d16384 (c10),8.792386819375755,0.05847410692757712,42.5157534636328,4.106559397092331,51.0,2.943920288775949,43.06666666666667,4.138706185378335,,,,,,
Mia-AiLab/GLM-5.3-Flash-EXL3-TR3-4bpw,pp2048 @ d16384 (c10),138.67483749955406,9.230806823456515,65.689776478762,103.20911669173971,,,,,73993.47414026367,47017.93339352507,73991.83149126476,47017.933393525076,74005.99734659772,47016.863370362466
Mia-AiLab/GLM-5.3-Flash-EXL3-TR3-4bpw,tg128 @ d16384 (c10),9.209071282815199,0.4465477184332539,44.58038520275844,7.053564893435888,54.333333333333336,4.189935029992179,45.13333333333333,6.974875546480302,,,,,,
Mia-AiLab/GLM-5.3-Flash-EXL3-TR3-4bpw,ctx_pp @ d32768 (c1),1248.0690487475815,2.5563741877794155,1248.0690487475815,2.5563741877794155,,,,,26257.5115266615,53.7066152992824,26255.86887766258,53.7066152992824,26257.5115266615,53.7066152992824
Mia-AiLab/GLM-5.3-Flash-EXL3-TR3-4bpw,ctx_tg @ d32768 (c1),37.39016178180585,0.7407613722684652,37.39016178180585,0.7407613722684652,38.0,0.816496580927726,38.0,0.816496580927726,,,,,,
Mia-AiLab/GLM-5.3-Flash-EXL3-TR3-4bpw,pp2048 @ d32768 (c1),849.0385648832713,3.014261383097946,849.0385648832713,3.014261383097946,,,,,2413.813248669612,8.580619271296422,2412.170599670693,8.580619271296422,2413.813248669612,8.580619271296422
Mia-AiLab/GLM-5.3-Flash-EXL3-TR3-4bpw,tg128 @ d32768 (c1),48.07745832346251,1.6947394642212517,48.07745832346251,1.6947394642212517,48.666666666666664,1.699673171197595,48.666666666666664,1.699673171197595,,,,,,
Mia-AiLab/GLM-5.3-Flash-EXL3-TR3-4bpw,ctx_pp @ d32768 (c2),1187.6464605297797,8.49027286696432,874.1972030046354,280.3740972108994,,,,,41784.9515863345,13403.720146883048,41783.30893733558,13403.72014688305,41784.9515863345,13403.720146883048
Mia-AiLab/GLM-5.3-Flash-EXL3-TR3-4bpw,ctx_tg @ d32768 (c2),8.592661933254826,0.1876899626570528,46.25645633895443,5.779316170319461,48.666666666666664,4.784233364802441,46.833333333333336,5.814254514170802,,,,,,
Mia-AiLab/GLM-5.3-Flash-EXL3-TR3-4bpw,pp2048 @ d32768 (c2),576.8222177333486,18.996383368193275,412.41205937283627,124.19324078370147,,,,,5464.581337665247,1652.6475997192206,5462.938688666327,1652.6475997192204,5464.581337665247,1652.6475997192206
Mia-AiLab/GLM-5.3-Flash-EXL3-TR3-4bpw,tg128 @ d32768 (c2),42.948725430810875,2.4007079356654466,50.36159099157117,5.198835873564632,54.333333333333336,4.642796092394707,50.666666666666664,5.312459150169742,,,,,,
Mia-AiLab/GLM-5.3-Flash-EXL3-TR3-4bpw,ctx_pp @ d32768 (c5),1149.0589242935175,2.159827125355991,524.0835913013667,335.8655881671161,,,,,86111.50004833082,40718.25507957054,86109.85739933192,40718.25507957055,86111.50004833082,40718.25507957054
Mia-AiLab/GLM-5.3-Flash-EXL3-TR3-4bpw,ctx_tg @ d32768 (c5),5.414038945392133,0.035009359866576634,42.499037700010646,5.005873733538675,48.666666666666664,0.9428090415820634,43.13333333333333,5.11033810579648,,,,,,
Mia-AiLab/GLM-5.3-Flash-EXL3-TR3-4bpw,pp2048 @ d32768 (c5),84.48929183069932,14.082281343368217,69.17826940719371,129.1559571850079,,,,,72038.57159326726,40138.87744229136,72036.92894426834,40138.87744229136,72038.57159326726,40138.87744229136
Mia-AiLab/GLM-5.3-Flash-EXL3-TR3-4bpw,tg128 @ d32768 (c5),6.047175526258262,0.6227691592299036,45.27493850722723,6.809933820686499,54.666666666666664,4.784233364802441,45.8,6.958927120373274,,,,,,
Mia-AiLab/GLM-5.3-Flash-EXL3-TR3-4bpw,ctx_pp @ d32768 (c10),1135.817571935335,2.4687206550580805,335.22771166253494,306.07410474998676,,,,,159290.57760896735,83425.60118451637,159288.93495996835,83425.60118451637,159290.57760896735,83425.60118451637
Mia-AiLab/GLM-5.3-Flash-EXL3-TR3-4bpw,ctx_tg @ d32768 (c10),4.827265917445355,0.00694268322870157,41.46175070361,4.120427264371495,49.333333333333336,1.8856180831641267,42.06666666666667,4.130644286575912,,,,,,
Mia-AiLab/GLM-5.3-Flash-EXL3-TR3-4bpw,pp2048 @ d32768 (c10),71.89200562940353,2.6880445693880097,40.15151154316366,78.99237936848176,,,,,150399.5518494664,87550.85452623856,150397.9092004675,87550.85452623857,150403.86931696604,87545.87459237741
Mia-AiLab/GLM-5.3-Flash-EXL3-TR3-4bpw,tg128 @ d32768 (c10),4.4971198341003396,0.19163616391048918,46.015250056466144,7.7212576003302935,59.0,1.632993161855452,46.61885178811567,7.5439589217734495,,,,,,
Mia-AiLab/GLM-5.3-Flash-EXL3-TR3-4bpw,ctx_pp @ d65535 (c1),1248.123743651821,0.23892893807143845,1248.123743651821,0.23892893807143845,,,,,52509.25876900146,10.052906543363253,52507.616120002545,10.052906543363253,52509.25876900146,10.052906543363253
Mia-AiLab/GLM-5.3-Flash-EXL3-TR3-4bpw,ctx_tg @ d65535 (c1),44.87803807113,2.3242203307845806,44.87803807113,2.3242203307845806,45.333333333333336,2.6246692913372702,45.333333333333336,2.6246692913372702,,,,,,
Mia-AiLab/GLM-5.3-Flash-EXL3-TR3-4bpw,pp2048 @ d65535 (c1),704.5652195435105,3.5877610698108677,704.5652195435105,3.5877610698108677,,,,,2908.474975328621,14.760265863128467,2906.832326329701,14.760265863128467,2908.474975328621,14.760265863128467
Mia-AiLab/GLM-5.3-Flash-EXL3-TR3-4bpw,tg128 @ d65535 (c1),43.585553691490624,4.070834145200836,43.585553691490624,4.070834145200836,44.0,4.320493798938574,44.0,4.320493798938574,,,,,,
Mia-AiLab/GLM-5.3-Flash-EXL3-TR3-4bpw,ctx_pp @ d65535 (c2),1211.5197472706984,0.5521476638025662,910.9742993790519,305.20600580232815,,,,,81038.2809445,27149.863527184138,81036.63829550108,27149.863527184138,81038.2809445,27149.863527184138
Mia-AiLab/GLM-5.3-Flash-EXL3-TR3-4bpw,ctx_tg @ d65535 (c2),4.42978917493651,0.013032777644337062,40.861877330116165,1.536059259691841,42.333333333333336,1.247219128924647,41.5,1.5,,,,,,
Mia-AiLab/GLM-5.3-Flash-EXL3-TR3-4bpw,pp2048 @ d65535 (c2),443.5281033211043,70.99849367559911,355.6081753712513,136.1636219763323,,,,,6837.8176326635485,2881.660041891129,6836.1749836646295,2881.660041891129,6843.317216330131,2876.6474693162604
Mia-AiLab/GLM-5.3-Flash-EXL3-TR3-4bpw,tg128 @ d65535 (c2),32.86118710960668,5.79105486693097,42.17787131999926,11.160876251788762,51.333333333333336,3.8586123009300755,42.666666666666664,11.352924243950934,,,,,,
Mia-AiLab/GLM-5.3-Flash-EXL3-TR3-4bpw,ctx_pp @ d65535 (c5),1200.1940797990933,1.644971256358154,549.3121759987187,356.2509117906044,,,,,164643.79142960146,77597.01464792203,164642.1487806025,77597.01464792203,164643.79142960146,77597.01464792203
Mia-AiLab/GLM-5.3-Flash-EXL3-TR3-4bpw,ctx_tg @ d65535 (c5),2.8559154850309016,0.0014224188633600741,43.200631334491206,3.288630842027868,47.0,0.0,43.666666666666664,3.2795663669996915,,,,,,
Mia-AiLab/GLM-5.3-Flash-EXL3-TR3-4bpw,pp2048 @ d65535 (c5),41.70743008215769,3.7777077125116407,51.07654478103826,121.44689873029868,,,,,138653.29588873332,79237.72721312105,138651.65323973438,79237.72721312105,138656.4575302007,79239.1858712872
Mia-AiLab/GLM-5.3-Flash-EXL3-TR3-4bpw,tg128 @ d65535 (c5),3.034813475105448,0.3775291096965775,42.81469847760458,6.019254372366912,50.0,2.449489742783178,43.266666666666666,5.994071144797072,,,,,,
Mia-AiLab/GLM-5.3-Flash-EXL3-TR3-4bpw,ctx_pp @ d65535 (c10),1191.9504608007062,1.259871983289174,350.8122639049216,320.88769336876885,,,,,303489.6676275346,158515.31295878295,303488.02497853566,158515.31295878295,303490.5834124681,158516.73985283417
Mia-AiLab/GLM-5.3-Flash-EXL3-TR3-4bpw,ctx_tg @ d65535 (c10),2.5414983733355005,0.008501107947858393,42.21130638482672,5.2913400361827945,50.666666666666664,1.247219128924647,42.766666666666666,5.187699126030945,,,,,,
Mia-AiLab/GLM-5.3-Flash-EXL3-TR3-4bpw,pp2048 @ d65535 (c10),36.178379649207905,0.16671485430811106,10.657974617089893,9.745685980495274,,,,,312188.8646513,163172.42332690995,312187.22200230113,163172.42332690995,312192.14374333335,163174.13775051164
Mia-AiLab/GLM-5.3-Flash-EXL3-TR3-4bpw,tg128 @ d65535 (c10),2.4713378304536895,0.011466593109085873,42.950526664241174,7.021431401105057,53.333333333333336,2.8674417556808756,43.5,7.046275611981127,,,,,,
Mia-AiLab/GLM-5.3-Flash-EXL3-TR3-4bpw,ctx_pp @ d100000 (c1),1246.7045020465573,1.0918748132233405,1246.7045020465573,1.0918748132233405,,,,,80213.97571166744,70.29092342891198,80212.33306266852,70.29092342891198,80213.97571166744,70.29092342891198
Mia-AiLab/GLM-5.3-Flash-EXL3-TR3-4bpw,ctx_tg @ d100000 (c1),40.585953622026956,1.9973950372977038,40.585953622026956,1.9973950372977038,41.0,2.160246899469287,41.0,2.160246899469287,,,,,,
Mia-AiLab/GLM-5.3-Flash-EXL3-TR3-4bpw,pp2048 @ d100000 (c1),626.0096752904509,1.2114943842101644,626.0096752904509,1.2114943842101644,,,,,3273.1698479959355,6.338906495302183,3271.5271989970156,6.338906495302183,3276.677021329912,4.984944002003204
Mia-AiLab/GLM-5.3-Flash-EXL3-TR3-4bpw,tg128 @ d100000 (c1),33.653780529498185,6.136429411589932,33.653780529498185,6.136429411589932,34.0,6.48074069840786,34.0,6.48074069840786,,,,,,
Mia-AiLab/GLM-5.3-Flash-EXL3-TR3-4bpw,ctx_pp @ d100000 (c2),1227.063548714894,6.661719105034289,914.4482422592083,300.9202594470588,,,,,122639.85464566456,40361.81178598626,122638.21199666565,40361.81178598627,122639.85464566456,40361.81178598626
Mia-AiLab/GLM-5.3-Flash-EXL3-TR3-4bpw,ctx_tg @ d100000 (c2),3.0387959328616154,0.030357391117856233,43.12769683697028,4.743363972738324,46.0,2.943920288775949,43.666666666666664,4.533823502911814,,,,,,
Mia-AiLab/GLM-5.3-Flash-EXL3-TR3-4bpw,pp2048 @ d100000 (c2),46.2678325701682,0.49444981797623,236.4897289148781,213.35673659280732,,,,,46545.67927466754,41996.744157605404,46544.03662566862,41996.7441576054,46547.04029000035,41995.383760621335
Mia-AiLab/GLM-5.3-Flash-EXL3-TR3-4bpw,tg128 @ d100000 (c2),2.921915646899239,0.0228735165898893,39.134752268427626,8.291017600055524,45.333333333333336,5.312459150169743,39.666666666666664,8.517954892787092,,,,,,
Mia-AiLab/GLM-5.3-Flash-EXL3-TR3-4bpw,ctx_pp @ d100000 (c5),1212.6970752922446,1.448118961721506,551.8243761789048,351.12234920984366,,,,,248274.33845060103,116723.83669798316,248272.69580160218,116723.83669798315,248274.33845060103,116723.83669798316
Mia-AiLab/GLM-5.3-Flash-EXL3-TR3-4bpw,ctx_tg @ d100000 (c5),1.9084003206906326,0.0007126654543347179,43.01968134612951,5.21795953784629,51.333333333333336,0.4714045207910317,43.4,5.187163643713843,,,,,,
Mia-AiLab/GLM-5.3-Flash-EXL3-TR3-4bpw,pp2048 @ d100000 (c5),26.153539552571477,2.5714574209557584,40.412606941037744,108.90830463126501,,,,,227076.75800959987,125031.06545574081,227075.115360601,125031.06545574078,227091.72361466725,125047.02281210934
Mia-AiLab/GLM-5.3-Flash-EXL3-TR3-4bpw,tg128 @ d100000 (c5),1.8629655527831124,0.008956567994519044,42.22708134728977,9.705973882486925,59.333333333333336,2.0548046676563256,42.733333333333334,9.705439482865037,,,,,,
Mia-AiLab/GLM-5.3-Flash-EXL3-TR3-4bpw,ctx_pp @ d100000 (c10),1206.4077040312543,1.089844425347168,353.7176774549542,318.5833937066108,,,,,456344.4740417991,238506.1865590569,456342.8313928003,238506.1865590569,456345.4043826656,238507.32646608446
Mia-AiLab/GLM-5.3-Flash-EXL3-TR3-4bpw,ctx_tg @ d100000 (c10),1.695226836822205,0.0016646426764298774,42.262908653747324,3.890708822884964,49.0,0.816496580927726,42.6,3.9631637193871603,,,,,,
Mia-AiLab/GLM-5.3-Flash-EXL3-TR3-4bpw,pp2048 @ d100000 (c10),25.042750895209434,1.2162613569295029,21.794381159948628,78.94836864811846,,,,,439735.4127010336,246660.8545951854,439733.77005203476,246660.85459518543,439742.08325186674,246659.70781729912
Mia-AiLab/GLM-5.3-Flash-EXL3-TR3-4bpw,tg128 @ d100000 (c10),1.6589316342001788,0.005219596531680741,42.434994166437534,9.077519711559654,53.666666666666664,1.247219128924647,42.93333333333333,9.033025825024279,,,,,,
